Page,Unique Events,scalingFactor,SCALED EVENTS
articles/abbreviation_crosby-kate,6,3,18
articles/abbreviation-ea_analayo,5,1,5
articles/abbreviation-ma_analayo,14,1,14
articles/abhidharma_ronkin-noa,16,1.076923077,17
articles/agamas_prasad,8,2.666666667,21
articles/agents-of-change_li-rebecca,2,1,2
articles/anagarika-munindra-and-vipassana_pryor,2,1,2
articles/ancient-indian-education_analayo,17,1,17
articles/angulimala-in-the-sa_analayo,29,1,29
articles/anicca_sharma-arvind,10,2.428571429,24
articles/antinomian-allegory_huxley-andrew,2,1.333333333,3
articles/anuruddha-sutta_ireland,3,1,3
articles/appropriation-of-buddha_bao-willis,4,1,4
articles/apsarases_covill-linda,5,1,5
articles/arahant_ireland,5,1.5,8
articles/arhat-invitation-in-the-song_joo-ryan,2,1,2
articles/assertion-and-restraint_dixon-graham,9,4,36
articles/astrological-determinism_kotyk-j,13,1,13
articles/atha-niryanavrttam_nietupski-paul,2,1,2
articles/atheism-quietism-and-sodomy_offermanns,3,1,3
articles/attitudes-towards-nuns_analayo,14,1,14
articles/avoiding-unintended-harm-to-the-environment_harvey-peter,3,1,3
articles/awakening-to-joy_duddul-pema,6,1,6
articles/bad-karma-of-the-buddha_guang-xing,8,1.714285714,14
articles/bahiya-bare-awareness_analayo,45,1,45
articles/bala-samyutta-comparison_choong-mun-keat,5,1,5
articles/bees-in-india_karttunen-klaus,5,1,5
articles/being-stared-at_sheldrake-rupert,2,1,2
articles/believed-you_sujato,17,1,17
articles/benefits-and-fitfalls-of-a-teacher_mcleod,1,1,1
articles/bhikkhave-and-bhikkhu-as-gender-inclusive_collett-alice,15,1,15
articles/bhikkhuni-dhammadinna_analayo,12,1,12
articles/bhikkhuni-education-today_bodhi,14,1,14
articles/bill-gates-tweeted_matthews-dylan,2,1,2
articles/bodhi-and-arahattaphala_werner-karel,10,1.1,11
articles/bodhisattva-masculinity-on-death-row_cunnell-h,2,1,2
articles/bodhisattva-precepts-and-their-compatability-with-vinaya_chiu-tzulung,2,1,2
articles/bodhisattva-precepts-and-there-compatability-with-vinaya_chiu-tzulung,2,1,2
articles/books-sent-to-ceylon-from-siam-in-the-18th-c_hinuber-bangchang,5,1.333333333,7
articles/brahmas-invitation_analayo,6,1,6
articles/branding-buddha_borup,4,1,4
articles/buddha-as-vedagu_young-katherine,12,1,12
articles/buddha-became-josaphat_pitkin,4,1,4
articles/buddha-nature-in-the-mahayana_liu-mingwood,23,1,23
articles/buddha-pali_karpik-stefan,9,1.19047619,11
articles/buddhapada_welch-patricia,9,1,9
articles/buddhas-remains_wallis-glenn,9,1,9
articles/buddhas-sons_snow-elson,5,1,5
articles/buddhas-truly-praiseworthy-qualities_analayo,5,1.571428571,8
articles/buddhavamsa-of-the-abhayagiri_skilling,8,1,8
articles/buddhicizing-or-ethnicizing-the-state_raghavan-suren,5,1,5
articles/buddhism-and-blackness_vox,2,1,2
articles/buddhism-and-law_huxley-andrew,8,1,8
articles/buddhism-and-modernity_powers-doug,36,2.1875,79
articles/buddhism-changed-the-west_solnit,12,1,12
articles/buddhist-and-jaina-texts_caillat-colette,4,1,4
articles/buddhist-chinese_zhu-qingzhi,10,2.625,26
articles/buddhist-hybrid-english_griffiths-paul,16,1,16
articles/buddhist-practice-as-play_vasen-m,7,1,7
articles/building-resilience-preventing-burnout_pigni-alessandra,3,1,3
articles/building-the-theravada-commentaries_hinuber-oskar,25,1,25
articles/bullshit-jobs_graeber-david,51,1,51
articles/burmese-alms-boycott_kovan-martin,3,1,3
articles/burmese-manuscripts-in-the-loc_pruitt-william,1,1.333333333,1
articles/case-of-the-murdered-monks_mills-laurence,7,1,7
articles/categories-of-sutta_manne-joy,6,2.166666667,13
articles/cause-of-the-buddhas-death_mettanando-hinuber,29,1,29
articles/caveat-lector_cone-margaret,3,2,6
articles/caves-at-aurangabad_brancaccio-pia,7,1.333333333,9
articles/caves-in-western-deccan_brancaccio-pia,8,1,8
articles/cessation-and-axiology_breyer-daniel,9,1.8,16
articles/ceto-panna-and-ubhatobhaga-vimutti_desilva,16,1.666666667,27
articles/challenges-of-the-disengaged-mind_wilson-et-al,35,1.666666667,58
articles/chan_hershock-peter,13,1,13
articles/channa-suicide_analayo,23,1,23
articles/chinese-buddhist-nuns_yuan-yuan,2,1,2
articles/christina-mirabilis_williams-paul,5,1,5
articles/coined-money_fynes-richard,4,1,4
articles/college-sexual-assault-survey,1,1,1
articles/compassion-and-wisdom_khandro,18,1,18
articles/compassion-in-the-agamas-and-nikayas_analayo,14,1,14
articles/compassionate-killing_gethin,43,1,43
articles/compassionate-violence_gray-david,8,1,8
articles/composite-ea-sutra_lamotte,3,1,3
articles/contents-and-structure-of-the-da_hartmann-ju,19,1,19
articles/cosmology-and-meditation_gethin,58,2.259259259,131
articles/craving-dukkha_analayo,27,2.25,61
articles/cremated-like-a-king_hinuber-oskar,29,1,29
articles/crossing-to-the-farthest-shore_shaw-s,6,1,6
articles/cultivation-of-virtue_fink-charles,15,3,45
articles/da16-comparison_disimone-c,3,1,3
articles/debates-on-time_bastow-david,15,1.285714286,19
articles/decline-of-the-dhamma_williams-liz,3,1,3
articles/decoding-two-miracles-of-the-buddha_likhitpreechakul,3,1,3
articles/deploying-the-dharma_ives-christopher,8,1,8
articles/dharmacakramudra-at-ajanta_huntington-chandrasekhar,4,1,4
articles/did-the-buddha-exist_wynne,44,1,44
articles/did-the-buddha-know-sanskrit_gombrich,26,1,26
articles/difficulties-of-combating-inequality-in_jenson-jane-et-al,1,1,1
articles/disengaged-buddhism_lele-amod,13,1,13
articles/diversity-statements_carnes-fine-sheridan,4,1,4
articles/dragon-girl-and-abbess_levering-miriam,7,1,7
articles/dragons-birds-and-cloud-devas_munkeat,6,1,6
articles/ea-4nt_analayo,15,1,15
articles/ea38.2_analayo,5,1,5
articles/early-buddhism-and-urban-revolution_gokhale,3,1,3
articles/early-buddhism-with-kalupahana_payne,24,2.151515152,52
articles/ecstatic-meditation_hagerty-et-al,3,1,3
articles/end-of-the-buddhas-life-ea_bareau-andre,1,1,1
articles/engaged-buddhism_gleig-ann,50,1,50
articles/engaged-buddhism_temprano-victor,11,1,11
articles/engaged-buddhism_yarnall,11,1,11
articles/entering-arising-affliction-rahula_choong-mk,4,1,4
articles/epithets-buddha_ireland,11,1,11
articles/eranos_knox-oliver,3,1,3
articles/establishment-of-the-buddhist-order-of-nuns_husken-ute,16,1,16
articles/ethical-critique-of-wartime-zen_victoria-brian,3,1,3
articles/ethicopolitical-significance-of-mindfulness_ng-edwin,8,1,8
articles/ethics-in-indian-and-tibetan-buddhism_goodman-charles,6,2.5,15
articles/experience-of-dukkha_sumanacara-ashin,13,1,13
articles/exploring-satipatthana_analayo,79,1,79
articles/external-pali-sandhi_norman,1,2.333333333,2
articles/faxian-and-the-establishment-of-quifa_jiyun,1,2.333333333,2
articles/faxians-account-of-anuradhapura_kim-haewon,2,1.5,3
articles/female-authority_dyer-alison,2,1,2
articles/female-roles-in-early-indian-buddhism_skilling-peter,23,1,23
articles/fire-miracles_analayo,4,4,16
articles/followers-of-devadatta_tinti-paola,3,1.2,4
articles/forest-monks_ogi-naoyuki,2,1.2,2
articles/four-eminent-monks-and-their-syncretistic-style_chu-william,10,1,10
articles/four-futures_frase-peter,27,1,27
articles/friendship-power_wilkinson,2,1,2
articles/gamani-samyutta-comparison_choong-mun-keat,4,1,4
articles/garavasutta-and-mahayanist-developments_lamotte-etienne,7,1,7
articles/garlic_vox,7,1,7
articles/genetics-biosocial-groups-and-identity_hacking-ian,1,1,1
articles/giving-makes-us-happy,7,2.75,19
articles/gotamis-poem_murcott-s,3,1,3
articles/gunabhadra-baoyun-and-the-sa_glass-andrew,16,1,16
articles/historical-authenticity_wynne,37,1,37
articles/historical-consciousness-and-traditional-buddhist-narratives_gross-rita,8,1,8
articles/hoary-past-hazy-memory_hinuber-oskar-v,28,1,28
articles/hold-oneself-and-the-dhamma-as-an-island_velez-de-cea,2,1,2
articles/how-to-make-and-spend-money_granoff-phyllis,9,1,9
articles/hypostasizing-buddha-buddha-image_swearer-donald-k,2,1,2
articles/idea-of-nature_marx-leo,2,1,2
articles/idea-of-the-pali-canon_collins-steven,70,1,70
articles/identity-politics_heyes-cressida,6,1,6
articles/illness-as-metaphor_sontag,8,1,8
articles/immortal-buddhas_radich-michael,5,1,5
articles/impact-of-meditation-on-the-default-mode-network_taylor-et-al,9,1,9
articles/imperfect-alliance_langenberg,8,1,8
articles/in-search-of-the-real-buddha_harvey,51,1.69047619,86
articles/inequalities-and-women-in-thailand_litalien-manuel,2,1,2
articles/innovation-and-conservation-in-treasure_mayer-rob,1,1,1
articles/jackals-in-pali_ohnuma-reiko,2,1,2
articles/jivaka-and-ayurveda_zysk-kenneth,10,1,10
articles/kanva-brahmanas-and-buddhist-kosala_bausch-lauren,10,1,10
articles/kosambi-suttas_ireland,11,1,11
articles/landscapes-of-law_engel-david,1,1,1
articles/lao-buddhist-women_tsomo-karma-lekshe,1,1,1
articles/legends-and-transcendance_kuan-tsefu,5,1,5
articles/liberative-role-of-piti-sukha_arbel,40,1,40
articles/literature-of-the-pudgalavadins_chau-t,7,1,7
articles/lokanatha_deslippe-philip,2,1,2
articles/looking-for-vinaya_blackburn-anne,20,1,20
articles/lotus-as-symbol_olson_carl,2,2.25,5
articles/luminous-mind_analayo,31,1.5,47
articles/ma-comparative-notes_analayo,11,1,11
articles/mae-chis-and-ordination_battaglia,10,1,10
articles/mahakaccanas-auspicious-night_analayo,10,1,10
articles/mahapajapati-pabaja_analayo,8,1,8
articles/mass-suicide_analayo,56,1,56
articles/material-objects-in-the-age-of-mass-production_brox-trine,7,1,7
articles/mcmindful-myth_analayo,7,1,7
articles/meditation-and-liberation-in-the-sravakabhumi_deleanu-florin,20,1,20
articles/meditation-goes-wrong_vice,14,1,14
articles/meditation-in-buddhism_dwivedi-kedar,12,2.571428571,31
articles/meditation-light-experiences_lindahl-et-al,5,1,5
articles/meditation-moral-obligation_vox,22,17.88888889,394
articles/meditation-on-the-breath_analayo,16,1,16
articles/merit-making-or-financial-fraud_liu-chuilan,7,1,7
articles/metacognition-in-mindfulness-and-hypnosis_lush-et-al,13,1,13
articles/micchaditthi_jaini-p-s,3,1.25,4
articles/mind-body-in-pali-buddhism_harvey,22,2.857142857,63
articles/mindfulness-conspiracy_purser-ron,12,1,12
articles/mindfulness-in-palestine_pigni-a,4,1,4
articles/mindfulness-intervention-to-youth-issues-in-vietnam_le-trieu,5,1,5
articles/mindfulness-of-death_mirghafori-samuel,22,1,22
articles/modernization-and-transnationalism-in-buddhist-almsgiving_jones-charles,2,1,2
articles/monk-in-the-vinaya_gombrich,14,1,14
articles/moral-phenomenology_simonds-colin,13,1,13
articles/morality-and-technology_vox,1,1,1
articles/mother-earth-mother-board_stephenson-neal,42,1,42
articles/mothers-of-righteous-society_gajaweera,3,1,3
articles/mountains-without-molehills_gombrich,3,1,3
articles/mudras_tricycle,12,1.333333333,16
articles/my-mind-a-kingdom_dyer,10,1,10
articles/myth-as-meditation_gethin,9,3,27
articles/narratives-of-buddhist-relics-and-images_berkwitz-s,8,1.222222222,10
articles/nature-of-the-ariya-magga_harvey,7,1.375,10
articles/networking_xie-teresa,2,1,2
articles/nibbana-abhidhamma_cousins,12,2.1,25
articles/nibbanasutta_hallisey-charles,23,1,23
articles/nighttime-and-refugees_jolliffe-pia,1,1,1
articles/normative-cognition_kelly-setman,1,1,1
articles/normative-function-of-metatheory_stein-zak,1,8.666666667,9
articles/not-a-feminist,2,8.666666667,17
articles/not-weird-or-foreign,2,1,2
articles/notes-on-visuddhimagga-9_gombrich,12,1,12
articles/nuns-before-mahapajapati_williams-liz,5,2,10
articles/nuns-parajika_heirman-ann,6,4.333333333,26
articles/old-bodies-like-carts_gombrich,7,1,7
articles/oldest-dated-milindapanha_von-hinuber,2,1,2
articles/oldest-pali-texts_stargardt,31,1,31
articles/omniscience_analayo,16,1,16
articles/on-the-term-theravada_analayo,16,1,16
articles/once-upon-a-present_lenz-tim,2,1,2
articles/one-breath-meditation_mcleod-ken,17,1,17
articles/oral-dimensions-of-pali_analayo,7,1,7
articles/oral-transmission_wynne,12,2.583333333,31
articles/orality-writing-and-authority_mcmahan-david,1,1,1
articles/ordaining-renunciation_nirodha,2,1,2
articles/ordinary-amygdala-effects-of-meditation_desbordes-et-al,7,1,7
articles/organizational-theory_sasaki-shizuka,9,1,9
articles/origin-of-pali_norman,4,1,4
articles/origins-of-the-32-marks_mcgovern-nathan,23,1,23
articles/outpost_soucy-alex,2,1,2
articles/overcoming-compassion_fung-kei-cheng,1,1,1
articles/pali_gombrich,6,1,6
articles/pali-and-chinese-versions-of-the-brahma-samyutta_choong-mk,7,1,7
articles/pali-and-chinese-versions-of-the-devata-and-devaputta-samyuttas_choong-mk,5,1,5
articles/pali-canon_payutto,8,1,8
articles/pali-canonic-style_syrkin-a,7,1.6,11
articles/pali-lexicography_cone-margaret,4,1,4
articles/path-of-the-householder_bluck-robert,10,1.666666667,17
articles/path-to-liberation_bucknell,41,1,41
articles/pennies-from-the-pure-land_wilson-jeff,12,1,12
articles/person-as-narration_hershock,3,1,3
articles/picturing-our-thoughts_lehrer,3,1,3
articles/pilgrimage-and-the-structure-of-sinhalese-buddhism_holt-john,5,1,5
articles/playing-with-fire_jurewicz,88,1,88
articles/politics-of-higher-ordination_abeysekara-ananda,3,1,3
articles/post-tsunami-thailand_falk-monica,5,1,5
articles/power-of-interconnectivity_ip-hongyap,2,1,2
articles/practice-not-dogma_madsen-richard,10,1,10
articles/praises-of-the-buddha-beyond-praise_skilling,8,1,8
articles/prehinayanist-buddhism-in-the-pali_fallick-eric,2,1,2
articles/ptsd-in-the-slaughterhouse,11,3,33
articles/putting-cruelty-first_shklar-judith,31,1.392857143,43
articles/radical-buddhism-for-modern-confucians_gombrich-yao,5,1,5
articles/reading-teaching-dhammapadas_mcdaniel-justin,2,1,2
articles/reading-vinaya_langenberg-amy,13,1,13
articles/rebirth-and-the-west_analayo,11,1.25,14
articles/reexamination-of-female-inferiority_goodwin-allison,7,1.444444444,10
articles/reflections-on-agama-studies_analayo,30,1.133333333,34
articles/refrain-from-the-uraga-verses_jones-d-t,3,1.133333333,3
articles/refugees-and-fearlessness_kilby-christina,10,1,10
articles/reopening-maitreya-files_legittimo-elsa,4,1,4
articles/reshaping-timelessness_deleanu,16,1,16
articles/resources-for-buddhist-environmentalism_ives-christopher,15,1,15
articles/reviving-the-buddha_pemaratana-soorakkulame,3,1,3
articles/revolutionary-thoreau_lossin-rh,1,1,1
articles/right-view-and-the-four-noble-truths_analayo,38,2,76
articles/roots-of-the-modern-monk_harrington,3,1,3
articles/roots-of-zen_cheng,14,1,14
articles/sa-regarding-emptiness_lamotte,4,1.25,5
articles/sa-skya-on-bsam-yas_jackson-roger,2,1.25,3
articles/saddhammopayana_hazlewood-a,13,1,13
articles/sakka-and-the-bza-attribution_bingenheimer,8,1,8
articles/sambuddhe-verses_skilling,17,1,17
articles/sariputtas-three-works-on-the-samantapasadika_crosby-kate,3,1,3
articles/sarvastavada-nuns-images_skilling,2,1,2
articles/sarvastivadins-and-mulasarvastivadins_wynne-alex,25,1,25
articles/satavahana-nagarjuna_ollett-andrew,9,1,9
articles/science-delusion_white-curtis,20,2.909090909,58
articles/scriptural-authenticity_skilling-peter,7,1,7
articles/second-buddha_loy,2,1.4,3
articles/second-chance_malcolm-janet,1,1,1
articles/sectarian-affiliations-of-the-ea_kuan-tsefu,6,1,6
articles/seven-sisters_collett-alice,1,1,1
articles/sexual-harassment-of-women-leaders,1,1,1
articles/should-trees-have-standing_stone-chris,30,1,30
articles/shuilu-fahui_yiu-kwan-chan,1,1,1
articles/shukden-affair_dreyfus-george,5,1,5
articles/sixfold-purity-of-an-arahant_analayo,8,1.75,14
articles/solitude_hudson-malcolm,4,1,4
articles/some-pali-discourses-1_analayo,20,1,20
articles/some-pali-discourses-2_analayo,18,1,18
articles/south-asian-flora_liyanaratne,1,1,1
articles/story-of-the-horse-king_appleton,15,1,15
articles/structure-and-formation-of-an-ea_kuan-bucknell,14,1,14
articles/studies-in-pali-grammarians_pind-ole-holten,7,4,28
articles/studies-in-vinaya-technical-terms_nolot-edith,12,2.4,29
articles/stupa-sutra-sarira_barrett,2,1,2
articles/sudinna_analayo,21,1,21
articles/sukaramaddava_ireland,8,3.5,28
articles/sumedhakatha-in-pali-and-the-northern-tradition_matsumura-junko,8,1.166666667,9
articles/susima-sutta_bodhi,12,2.4,29
articles/susimas-conversation_bodhi,4,1,4
articles/sutras-without-parallels_bingenheimer,3,1,3
articles/sutta_ireland,33,1,33
articles/symbolism-of-the-early-stupa_harvey,26,2,52
articles/synonyms-for-nibbana-from-tibet_skilling,4,3,12
articles/taixu-in-vietnam_devido-elise,4,1,4
articles/taking-form_franz-koun,2,2,4
articles/tantra_gray-david,14,1.047619048,15
articles/task-for-mindfulness_analayo,2,1,2
articles/tathagata_bodhi,60,1.068965517,64
articles/teachings-to-lay-disciples_analayo,20,1.25,25
articles/teachings-to-lay-people_kelly-john,76,1,76
articles/temple-looting-in-cambodia_mackenzie-davis,2,1,2
articles/temporary-ordination-in-sri-lanka_gombrich,9,1,9
articles/the-upside-offensive_dorwart-jason,4,1,4
articles/thinking-through-shingon-ritual_sharf-robert,3,1,3
articles/third-precept_collins-steven,18,1.285714286,23
articles/this-is-peaceful-this-is-excellent_marajina,3,1.5,5
articles/three-economies_payne-r,4,1,4
articles/three-souls-one-or-none_gombrich,4,1,4
articles/three-turnings_powers-john,10,1,10
articles/tibets-first-khenmo-program_liang-taylor,6,1,6
articles/to-be-a-bodhisattva_garfield-jay,18,1.090909091,20
articles/to-be-or-not-to-be_gessen-masha,48,1,48
articles/tradition-power-and-community_salgado,5,1,5
articles/translating-buddha_bodhi,34,1,34
articles/trolly-car-dilemma_pandita,24,1,24
articles/truth-and-meaning-in-buddhist-scriptures_cabezon-jose,5,1,5
articles/tundilovada_hallisey-charles,12,1,12
articles/turning-back-towards-freedom_freese,1,1,1
articles/two-three-buddhisms-and-racism_hickey-wakoh,4,1,4
articles/two-versions-of-the-atanatiya-sutra-in-sanskrit_sander-lore,9,1,9
articles/unbearable_baskin-jon,11,1,11
articles/under-the-gaze-of-the-buddha-megastatue_irons-ed,5,1,5
articles/uninhibited_horayangura,3,1,3
articles/unsettling-boundaries_skilling,7,1,7
articles/unveiling-bhikkhunis_mokashi,2,1,2
articles/upayika-sa-quotes_dhammadinna,7,1,7
articles/upayika-vedana-quotes_dhammadinna,14,1,14
articles/vedhamissakena_levman,3,1,3
articles/vengeance-of-vertigo_wilderson-frank,36,1,36
articles/vinaya-transformations_wynne,7,1,7
articles/virtual-pilgrimage-and-virtual-geography_kim-youn-mi,2,1,2
articles/voices-of-buddhaghosa_carrera-oscar,22,1,22
articles/vyasa-kasisundari_zwilling,6,1,6
articles/walking-in-the-valley-of-the-buddha_geary-david,1,1,1
articles/walking-with-tnh_gach-gary,2,1,2
articles/walpola-rahula-and-politicization_raghavan-suren,2,1,2
articles/watanabe-kaigyoku_penwell-cameron,3,1,3
articles/ways-of-knowing-and-transmitting-religious-knowledge_salgado-nirmala,1,1,1
articles/we-love-our-nuns_mrozik,8,1,8
articles/weary-buddha_webster,7,1.2,8
articles/western-india-in-the-aftermath_efurd-david,7,1,7
articles/western-perceptions-of-monasticism_schedneck-brooke,1,1,1
articles/weve-been-here_hsu-funie,5,1,5
articles/what-language-did-the-buddha-speak_piyasilo,13,2.111111111,27
articles/what-the-buddha-would-not-do_analayo,21,1.714285714,36
articles/what-the-nikayas-say-about-nibbana_brahmali,91,1,91
articles/whats-in-a-repetition_gethin,8,1,8
articles/wheres-that-sutta_mills-laurence,6,1,6
articles/why-not-translate-spells_overbey-ryan,4,1,4
articles/wife-and-son_gindin-matthew,12,1.333333333,16
articles/yojana_skilling,2,1,2
articles/youth-buddhism_williams-oerberg,13,1,13
articles/yungmings-syncretism_shih-hengching,8,1,8
articles/zen-and-prejudice_bodiford-william,4,1,4
articles/zombies_skilling,10,2.666666667,27
av/1619,5,1,5
av/abandoned-ships_atack-alex,2,1,2
av/abduction-of-queen-kakati_patrick-kit,1,1.25,1
av/activism-and-empathy_courtin,2,1,2
av/advice-for-a-new-monk_panyavaddho,9,1,9
av/affairs_sheng-yen,9,1,9
av/affect-of-text_veidlinger,2,1,2
av/after-buddhism_batchelor-stephen,3,1,3
av/after-nibbana_yuttadhammo,6,1.333333333,8
av/agility-of-attention_munindo,2,1,2
av/all-the-taints_yuttadhammo,2,1,2
av/american-abbess_thubten-chodron,1,1,1
av/an-course_bodhi,14,10.5,147
av/anarchy-in-the-pureland_ritzinger-justin,1,10.5,11
av/anatta_bodhi,37,3.608695652,134
av/ancient-path-to-enlightenment_dabei,8,1,8
av/angkor-temple-mountains,3,1,3
av/angkor-wat-lotus-temple,3,1,3
av/antique-oxtongue-iron_my-mechanic,14,1,14
av/anything-you-synthesize_american-dollar,9,1,9
av/applied-compassion_bodhi,9,1,9
av/appreciating-difficult-beauty_cooper-jones,1,1,1
av/approaching-the-dhamma_bodhi,16,1,16
av/arahat_bodhi,10,1,10
av/art-of-being-peace_tnh,6,1,6
av/as-it-is_bodhi,37,2.714285714,100
av/asexuality_factually,1,2.714285714,3
av/balancing-inner-and-outer-worlds_jayasaro,21,1,21
av/balancing-spiritual-and-material-pursuits_brahmali,10,1,10
av/basically-i_delong-robert,1,1,1
av/becoming-buddhist_yuttadhammo,6,1.285714286,8
av/beyond-faith_jayasaro,11,3.285714286,36
av/bhikkhunis-on-monasticism_karuna-vihara,4,1,4
av/birth-of-insight_braun-erik,1,1,1
av/blind-men-and-the-elephant_merchant-natalie,1,1,1
av/bojjhanga-suttas_dhammaruwan,16,1,16
av/brain-pollution_dubner,1,1,1
av/breath-meditation_geoff,2,1,2
av/breathing_black-monks,1,1,1
av/bridging-the-two-vehicles_bodhi,25,1,25
av/buddha_true-genius_brahmali,4,10,40
av/buddha-beeds_sheng-yen,14,1,14
av/buddha-in-lanna_chiu-angela,5,1,5
av/buddha-party_powers-john,1,1,1
av/buddhas-enlightenment_bodhi,27,1,27
av/buddhas-footprint_elverskog,6,1,6
av/buddhism-and-education_jayasaro,18,1,18
av/buddhism-and-psychotherapy_epstein-mark,1,1,1
av/buddhism-and-the-world_bodhi,9,3.2,29
av/buddhism-beyond-modernity_gleig-a,5,1,5
av/buddhism-intro_yuttadhammo,14,76.42857143,1070
av/buddhism-is-out-there-man_exurbia,13,2.375,31
av/buddhist-approach-to-economics_jayasaro,9,1,9
av/buddhist-art-south-asia,8,1,8
av/buddhist-education_jayasaro,16,1,16
av/buddhist-ethics_garfield-jay,18,1,18
av/buddhist-ethics-and-the-bodhicariyavatara_garfield,4,1.5,6
av/buddhist-medicine_salguero-pierce,1,1,1
av/building-a-religious-empire_sullivan-brenton,6,1,6
av/burden-of-proof_gladwell-m,1,1,1
av/call-it-what-you-want_foster-the-people,8,1,8
av/carlos_gladwell-m,2,1,2
av/catch-sight-of-now_graham-jorie,4,1,4
av/chan-practice_sheng-yen,5,1,5
av/change_delong-robert,1,1,1
av/chemical-history-of-a-candle,1,1,1
av/children-nuns-in-myanmar,2,1,2
av/chinese-buddhist-historeography_kieschnick,2,1,2
av/chinese-cave-shrines,3,1,3
av/chinese-pure-land_jones-charles,12,1,12
av/comes-to-sussex_bbc,4,1,4
av/comprehensive-practice_yuttadhammo,40,1,40
av/conceiving-the-indian-patriarchs-in-china_young-stuart,2,1,2
av/continuing-mn-study_bodhi,13,1,13
av/cultivating-wisdom_bodhi,6,1,6
av/culture-in-change,2,1,2
av/cutting-off-letting-go_phap-dung,1,1,1
av/dealing-with-difficult-people_brahm,41,1.035714286,42
av/deepening-perspective_bodhi,6,1,6
av/depression_sapolsky,1,1,1
av/dhamma-advice_suchart,18,4.5,81
av/dhammapada-intro_fronsdal,18,1,18
av/dhammarivi-guided-meditation_yuttadhammo,6,1,6
av/dhammavinaya_yuttadhammo,4,1,4
av/difficult-attachments_yuttadhammo,3,1,3
av/disturbed-forests_padwe-j,1,1,1
av/diversity-and-karma_sheng-yen,2,1,2
av/dj-monk,1,1,1
av/dream-job_jolly,1,1,1
av/drepung-loseling-buddha,3,1,3
av/drums-and-bells_qing-de,18,1,18
av/dynamics-of-insight_analayo,9,1,9
av/early-buddhism_ethics_sujato-and-brahmali,14,1.2,17
av/early-buddhism_history_sujato-and-brahmali,17,1.75,30
av/early-buddhism_meditation_sujato-and-brahmali,16,1,16
av/early-buddhism_texts_sujato-and-brahmali,8,2.857142857,23
av/early-buddhism_wisdom_sujato-and-brahmali,10,11.75,118
av/early-buddhist-oral-tradition_analayo,12,2.142857143,26
av/editing-room_ozeki-ruth,1,2.142857143,2
av/eightfold-path_bodhi,13,1.923076923,25
av/end-of-the-buddhist-utopia_sujato,8,1.125,9
av/enlightenment-is-the-highest-happiness_brahm,15,12.5,188
av/ethical-life_bodhi,7,1,7
av/euthanasia_yuttadhammo,7,1,7
av/every-mourning_kleber-diggs,3,1,3
av/evil-creatures_sujato,8,1,8
av/extended-mn-study_bodhi,6,1,6
av/fear-and-worry_pasanno,6,1,6
av/fear-of-freedom_sujato,7,2.5,18
av/feelings_yuttadhammo,19,1,19
av/fgbmr-address-2014_hsin-bao,1,1.5,2
av/fifty-jataka_baker-phongpaichit,2,1,2
av/first-trimester,3,1,3
av/five-precepts_jayasara,25,3,75
av/five-things-for-right-view_yuttadhammo,5,1.25,6
av/fleet-foxes-mearcstapa_song-exploder,1,1.25,1
av/flight-training_lawz,1,1,1
av/forest-tradition_sujato,4,1,4
av/four-postures_sheng-yen,4,1,4
av/four-truths_khema,25,1,25
av/framing_jayasaro,9,1,9
av/free-speech-crisis_hobbes-michael,1,1,1
av/frontier-psychiatrist_avalaches,2,1,2
av/fulfilling-buddhas-vision_chomchuen-w,3,1,3
av/fundamentals_bodhi,9,8.571428571,77
av/future-of-reason_vsauce,7,1,7
av/gain-and-loss,3,1,3
av/gender-in-buddhism_liang-jue,5,1,5
av/generous-orthodoxy_gladwell-m,1,1,1
av/genghis-khan_miike-snow,1,1,1
av/girl-in-red-serotonin_song-exploder,1,1,1
av/glitters_chin-justin,2,1,2
av/going-forth_yuttadhammo,10,3.166666667,32
av/good-life-good-death_jayasaro,10,1,10
av/great-houses-of-ancient-india_patrick-kit,3,2.222222222,7
av/great-indoors,1,2.222222222,2
av/greater-discourse-on-the-simile-of-the-elephants-footprint_yuttadhammo,13,1.25,16
av/guard-senses_hong-ci,11,1.04,11
av/guru-rinpoche-prayer_choying,19,1,19
av/gut-instinct_gould-mark,1,1,1
av/habits-towards-nibbana_santussika,10,1,10
av/hallmarks-of-the-elite_currid-halkett,4,1,4
av/happiness_hong-ci,12,23.5,282
av/hardcore-buddhism_yuttadhammo,25,1,25
av/harvey,2,1,2
av/healing-is-possible_tnh,5,1,5
av/heirs-to-the-buddha_yuttadhammo,4,1,4
av/her-story_dhammananda,5,1,5
av/hermits,48,1,48
av/hidden-cost-of-meat_garces-leah,6,1,6
av/highest-blessings_abhayagiri,30,1.357142857,41
av/himalaya-sky-path_chaud,7,1,7
av/how-meditation-reshapes-the-brain_lazar-sara,8,1.285714286,10
av/how-the-mind-stops_brahm,7,1,7
av/how-the-sangha-works_sujato,6,1,6
av/how-to-be-depressed,10,1,10
av/how-to-be-positive_brahm,15,21.16666667,318
av/how-to-do-nothing_factually,2,21.16666667,42
av/how-to-hold-the-heavy-weight-of-now,2,1,2
av/how-to-love-your-problems_courtin-robina,43,1.733333333,75
av/howard-you-idiot_gladwell-m,2,1.733333333,3
av/hummingbird_falconer,4,1,4
av/i-hear-her-words_collett-alice,1,1,1
av/i-kwan,1,1,1
av/illusions-of-time_vsauce,1,1,1
av/impermanence_khema,24,1,24
av/in-line_yuttadhammo,2,3.5,7
av/in-the-buddhas-words_bodhi,56,3.583333333,201
av/infantorium_99pi,1,1,1
av/into-the-woods_sondheim,12,1,12
av/introduction-to-buddhist-art_smith-doug,5,1,5
av/irish-buddhist_turner-a,1,1,1
av/jakarta-is-sinking_vox,2,1,2
av/japanese-world-map_moerman-max,3,1,3
av/john-muir-dream-waterfall-mountain-ash_hass,1,1,1
av/jung-shadows-silent-women_sujato,8,1,8
av/just-movement_delong-robert,1,1,1
av/karma-and-rebirth_bodhi,5,5.153846154,26
av/katachi_tokumaru-shugo,3,1,3
av/kodaiji-temple,6,1,6
av/korean-buddhist-art_aam,2,1,2
av/la-course_yuttadhammo,15,1,15
av/law-of-kamma_jayasaro,10,1,10
av/let-there-be-conflicts_sujato,4,1,4
av/letting-go-developing_viradhammo,3,1,3
av/lion_bodhi,8,1,8
av/listening-to-voices_ozeki-klein,4,1,4
av/literature-of-gandhara_salomon-richard,1,1,1
av/lives-of-early-buddhist-nuns_collett-alice,7,1,7
av/living-at-the-end-of-our-world,2,1,2
av/living-in-peace_suchart,17,1,17
av/loving-kindness-chant_abhayagiri,25,6.666666667,167
av/making-buddha-statues-cause_drba,7,1,7
av/making-buddha-statues-cultivation_drba,4,1,4
av/making-wisdom-the-priority_munindo,4,1,4
av/malleable-mara_nichols-michael,3,1,3
av/mandala-of-tantric-buddhism,2,1,2
av/many-buddhas-one-buddha_appleton,4,1,4
av/mcmindfulness_purser,4,1,4
av/mgmt-pretend_song-exploder,1,1,1
av/mindful-elite_kucinskas-jaime,3,1,3
av/mindful-way,16,1,16
av/mindfulness-according-to-early-sources_analayo,21,1,21
av/mindfulness-creates-understanding_yuttadhammo,84,1,84
av/mindfulness-for-the-whole-family_kim-sumi,2,1,2
av/mn117-explanation_brahmali,13,1.111111111,14
av/mn12-explanation_brahm,7,4,28
av/mn13-explanation_brahm,2,1,2
av/mn137-explanation_vayama,9,1.666666667,15
av/mn140-explanation_sujato,14,1.125,16
av/mn148-explanation_nissarano,2,1.666666667,3
av/mn152-explanation_bodhi,19,1,19
av/mn38-explanation_brahmali,3,1.5,5
av/mn44-explanation_brahm,2,1,2
av/modern-tourism_zuelow-eric,1,1,1
av/monks-in-motion_chia-jack,1,1,1
av/moral-panics_cottom-klein,2,1,2
av/most-important-book_robinson-klein,1,1,1
av/most-important-teaching_munindo,1,1.666666667,2
av/nepal-great-plunder,4,1,4
av/never-buy-the-pyg-in-the-poke_patrick-kit,1,1,1
av/new-history-of-humanity_wengrow-david,2,1,2
av/new-pali-course_bodhi,51,4.428571429,226
av/nibbana-lectures_analayo,56,1.029411765,58
av/noble-truths_yuttadhammo,3,2,6
av/on-the-crisis-in-myanmar_bodhi,11,1,11
av/oracle_cherniack-david,5,1,5
av/origins-of-buddhism_brahm,1,1.75,2
av/our-valley_levine-philip,1,1,1
av/ozymandias,1,6.5,7
av/pali-primer_bodhi,81,7.263157895,588
av/pali-pronounciation,12,1.142857143,14
av/path-in-the-mn_bodhi,8,1,8
av/photographing-fungi_axford-stephen,4,1,4
av/pilgrims-until-we-die,4,1,4
av/place-of-peace_brahm,2,1,2
av/practice-in-the-mn_bodhi,7,1,7
av/praise-of-compassion_thubten-chodron,3,1,3
av/protohistory-of-buddhist-translation_nattier,5,1,5
av/pseudobuddhism_brahm,5,1,5
av/pure-land-in-the-human-realm_jones-charles,6,1,6
av/queer-monks-in-thailand_vice,2,1,2
av/radical-approach-to-conflict_schulman-sarah,1,1,1
av/raincoat_limon-ada,1,1,1
av/reading-with-buddhagosa_heim-maria,8,1,8
av/real-change_tricycle,1,1,1
av/recollections-of-the-buddha_vayama,9,1,9
av/reflections-of-a-great-being_yuttadhammo,5,1,5
av/reflections-on-the-eight-precepts_jayasaro,9,1,9
av/reincarnation_sheng-yen,6,1.75,11
av/relaxing-into-the-breath_pasanno,4,1,4
av/renunciation-and-longing_pitkin-annabella,4,1,4
av/repetition_cooper-mcgloughlin,5,1,5
av/resistance-and-protest_bbc-history-hour,1,1,1
av/restorative-justice_baliga-sujatha,1,1,1
av/rewriting-buddhism_gornall-alastair,2,1,2
av/right-view-comes-first_geoff,7,1,7
av/rinzai-training_hess-corey,2,1,2
av/ritual-in-contemplation_thurman-robert,3,1,3
av/rum-hee_tokumaru-shugo,1,1,1
av/sabda_bronkhorst,3,1,3
av/samsara-excerpt_bruno,9,1,9
av/sangha-life_bodhi,2,1,2
av/satipatthana-podcast_analayo,20,1,20
av/saving-buddhism_turner-a,1,1,1
av/school-among-glaciers,20,1,20
av/second-pali-course_bodhi,27,7.75,209
av/secular-intro-to-buddhism_smith-doug,19,5.571428571,106
av/seeing-racial-bias_magee-rhonda,2,5.571428571,11
av/seeking-sakyamuni_jaffe-richard,1,5.571428571,6
av/seen-and-not-heard_lone-jana,1,5.571428571,6
av/self-compassion_neff-kristin,5,5.571428571,28
av/sentient-body_sujato,6,1,6
av/seven-cheap-things_patel-raj,5,1,5
av/seven-virtues_jayasaro,8,1,8
av/sharing-blessings-chant_amaravati,1,1,1
av/siberian-revival_journeyman,5,1,5
av/six-persimmons_cahill-james,4,1,4
av/sl-guided-meditation_yuttadhammo,4,173.7777778,695
av/slow-drag-with-branches-of-pine,2,173.7777778,348
av/sn1-13-explanation_sujato,6,1,6
av/special-teaching_gunaratana,5,1,5
av/spiritual-friendship_brahm,1,1,1
av/spring-summer-fall-winter-spring,4,1,4
av/stages-of-awakening_anandabodhi,1,2,2
av/staying-alive,1,1,1
av/stethoscope_99pi,1,1,1
av/still-neutral_criminal,2,1,2
av/storied-companions_derris-karen,6,1,6
av/stories-your-mind-is-telling_aviv-rachel,1,1,1
av/study-abhidhamma_brahmali,30,1,30
av/studying-buddhist-scripture_hallisey-charles,13,1,13
av/surrender-yourself-to-the-present_tnh,88,1,88
av/swimming-in-the-rain,2,1,2
av/take-a-walk_popup,1,1,1
av/talent,1,1,1
av/talking-to-strangers_gladwell,6,1,6
av/teardrops-of-time_fuhrmann-arnika,1,1,1
av/telling-father_crews-james,1,1,1
av/tenuousness_bird-andrew,1,1,1
av/thailands-last-resort,5,1,5
av/the-green-pill,5,1,5
av/this-is-water_wallace-david-foster,5,1,5
av/this-opportunity_yuttadhammo,13,1,13
av/tibetan-buddhism-creativity-and-imagination_pimentel-jessica,1,1,1
av/time_jayasaro,3,1,3
av/tiratana_yuttadhammo,1,2.4,2
av/to-offer-sweet-fruit-to-the-ghost,3,1,3
av/tonglen_drolma,1,1,1
av/tornado-of-self_panyavaddho,12,1,12
av/training-for-peace_santussika,1,1,1
av/tranquility-and-insight_analayo,24,5.545454545,133
av/transcending-five-fears_santussika,11,1,11
av/translation_jayasaro,3,1,3
av/trauma_van-der-kolk-bessel,15,1,15
av/triple-gem_bodhi,7,22.36363636,157
av/triumph-over-mara,18,23,414
av/truth-spots_gieryn-thomas,1,1,1
av/tudong_pamutto,2,1,2
av/turning-the-wheel_yuttadhammo,10,1,10
av/two-most-important-things_santussika,5,1,5
av/two-questions-on-ethics_jayasaro,8,1.4,11
av/understanding-the-mind_jayasaro,12,1,12
av/unmistaken-child,7,1,7
av/until-the-end-of-time_greene-brian,1,1,1
av/values_jayasaro,6,1,6
av/vietnamese-remittances_small-ivan,3,1,3
av/virtual-orientalism_iwamura-jane,2,1,2
av/waking-dreaming-being_thompson,33,1,33
av/walking-home_udall-jay,1,1,1
av/was-buddha-hindu_sujato,4,1,4
av/waxahatchee-fire_song-exploder,2,1,2
av/we-make-emotions_barrett,2,1,2
av/weird-wonderful_robinson-kim-s,1,1,1
av/what-buddhism-offers_yuttadhammo,10,3.6,36
av/what-is-death,8,1,8
av/what-is-meditation_yuttadhammo,8,1,8
av/what-makes-life-worthwhile_bodhi,21,1,21
av/what-meditation-is-not_courtin,3,1,3
av/what-you-really-want_brahm,12,1,12
av/wheel_sohn,8,1,8
av/when-doing-the-right-thing-makes-you-a-criminal_hsiung-wayne,2,1,2
av/why-adults-lose-the-beginners-mind_gopnik-klein,3,1,3
av/why-chant_brahm,5,1,5
av/why-do-men-rule_factually,1,1,1
av/why-meditate_yuttadhammo,8,8.363636364,67
av/why-practice_auclair,6,1,6
av/why-science-says-buddhism-is-true_wright-robert,3,1,3
av/widows-of-everest,2,1,2
av/wisdom_yuttadhammo,1,1.666666667,2
av/wise-shame-wise-fear_jayasaro,6,1.666666667,10
av/woman-on-subway_charara-hayan,4,1,4
av/wrong-view_yuttadhammo,1,1.4,1
av/yasodhara_sasson-v,4,1,4
av/yayoi-kusama_payne-james,4,1,4
av/zen-on-meditation_fischer-norman,2,1,2
av/zen-self-search,3,1,3
booklets/against-the-defilements_suchart,45,1,45
booklets/an_sujato,30,1.923076923,58
booklets/anatta-nibbana_nyanaponika,44,1,44
booklets/arahattamagga-arahattaphala_mahabua,76,1,76
booklets/authenticity_sujato-brahmali,127,1,127
booklets/becoming-your-own-therapist_yeshe,74,1.333333333,99
booklets/beyond-birth_suchart,64,1,64
booklets/bhikkhu-rules-for-lay_ariyesako,22,1,22
booklets/bhikkhuni-patimokkha_kabilsingh,13,1,13
booklets/bmc_geoff,35,1,35
booklets/bodhisattva-precepts_shengyen,35,1,35
booklets/bodhisattva-vows_fpmt,2,1,2
booklets/broken-buddha_dhammika,85,1,85
booklets/buddha-and-his-dhamma_bodhi,171,1,171
booklets/buddha-smiles_geoff,62,1,62
booklets/buddhacarita_asvaghosa-cowell,35,1,35
booklets/buddhas-last-bequest_khantipalo,20,1,20
booklets/buddhas-meditation-discourses,20,1,20
booklets/buddhas-teachings_geoff,17,1,17
booklets/buddhism-and-science,14,1,14
booklets/buddhism-and-sex_walshe,46,1,46
booklets/buddhism-and-social-action_jones-ken,12,1,12
booklets/buddhism-and-the-age-of-science_u-chan-htoon,7,11,77
booklets/buddhist-life-buddhist-path_cintita,113,5.072463768,573
booklets/buddhist-romanticism_geoff,46,1,46
booklets/buddhist-sociological-thought_gnanarama,18,2.4375,44
booklets/buddhist-wheel-symbol_karunaratne,17,2.5,43
booklets/buddhist-women_hecker,15,1,15
booklets/chanting_aloka-vihara,7,1,7
booklets/chinese-liturgy_stc,48,1,48
booklets/chithurst-story_sharp-george,3,1,3
booklets/cloth-and-effacement-suttas_nyanaponika,18,1,18
booklets/common-questions_sheng-yen,14,1,14
booklets/compassion-now_karmapa,2,1,2
booklets/copper-isle-miles_amaro,3,1,3
booklets/culture-of-awakening_cintita,20,1.076923077,22
booklets/dana_bodhi-et-al,27,1,27
booklets/dhamma-for-the-asking-1_suchart,19,1.714285714,33
booklets/dhammapada_pesala-narada,115,1,115
booklets/dhammatthavinicchaya_anandajoti,23,1,23
booklets/dn_sujato,33,1.509433962,50
booklets/dn31-trilinear_minding-center,2,1.142857143,2
booklets/draft-entries-for-encyclopedia-of-buddhism_harvey,18,1.083333333,20
booklets/empty-cloud_luk,4,1,4
booklets/encounters_dhammika,24,1,24
booklets/enlightenment_yuttadhammo,30,1.4,42
booklets/enquiring-minds-journey_kovida,54,1,54
booklets/escape-to-reality_pereira,15,3,45
booklets/essence-of-tibetan_yeshe,4,1.235294118,5
booklets/everymans-ethics_narada,42,1,42
booklets/exposition-of-nonconflict_nyanamoli,19,1.285714286,24
booklets/facing-the-future_bodhi,21,1,21
booklets/faith-in-mind_sheng-yen,5,1,5
booklets/finding-genuine-practice_karmapa,2,1,2
booklets/footprints-in-the-dust_dhammika,83,1.139344262,95
booklets/foremost-nuns_anandajoti,5,1,5
booklets/foundations_kieschnick,37,6.5,241
booklets/fundamentals_santina-peter,27,3.635135135,98
booklets/gender_heckert-jamie,3,1,3
booklets/going-for-refuge-taking-precepts_bodhi,69,1,69
booklets/heartwood-of-the-bodhi-tree_buddhadasa,51,1.595744681,81
booklets/how-to-meditate_yuttadhammo,231,1,231
booklets/htm2_yuttadhammo,18,1,18
booklets/i-wonder-why_thubten-chodron,32,2.321428571,74
booklets/in-his-own-words_nyanamoli,40,1,40
booklets/indian-tradition_kieschnick,8,7.666666667,61
booklets/inspiring-dhamma_suchart,30,1,30
booklets/intro-to-insight_sucitto,7,1,7
booklets/jesus-and-the-buddha_dhammika,12,1,12
booklets/kammatthana_mahabua,51,1,51
booklets/kathina_aggacitta,17,1.111111111,19
booklets/kayanupassana_yan,18,1,18
booklets/king-in-the-forest,16,1,16
booklets/lay-buddhist-practice_khantipalo,52,1.5,78
booklets/life-of-inner-quality_mahabua,59,1,59
booklets/like-milk-and-water-mixed_dhammika,23,1,23
booklets/love-in-buddhism_piyananda,8,1,8
booklets/mahaboowa-in-london,1,1,1
booklets/map-of-the-journey_jotika,4,1,4
booklets/maps-of-ancient-india_anandajoti,27,1,27
booklets/meaning-of-life_sheng-yen,11,1,11
booklets/meditation_tnh,7,1,7
booklets/meditation-resource_espada-jason,4,1.25,5
booklets/meditations-4_geoff,22,1.045454545,23
booklets/message-in-samsara_ottama-ashin,3,1,3
booklets/mind-like-fire-unbound_geoff,7,2.6,18
booklets/mind-training_gomchung-kharak,7,1,7
booklets/mindfulness_sumedho,12,1,12
booklets/mirror-of-the-dhamma_narada-kassapa,90,1,90
booklets/mn_sujato,26,2.125,55
booklets/mn-selections_nyanamoli-bodhi,48,2.3125,111
booklets/morality_yuttadhammo,51,1,51
booklets/mt-kailash_dhammika,9,1,9
booklets/nibbana_nyanananda,13,3.923076923,51
booklets/nibbana-and-the-fire-simile_nyanananda,8,2.5,20
booklets/noble-eightfold-path_bodhi,186,1.721973094,320
booklets/noble-quest_horner,22,1,22
booklets/noble-strategy_geoff,24,1.357142857,33
booklets/normality_teean,9,1,9
booklets/nourishing-the-roots_bodhi,42,1,42
booklets/on-love_jayasaro,37,3.634146341,134
booklets/opening-up-to-kindfulness_brahm,68,1,68
booklets/pali-primer_desilva,250,4.12037037,1030
booklets/path-of-practice_watugala-chula,5,1,5
booklets/path-of-the-white-swans_suvimalee,1,1.5,2
booklets/popular-deities-in-chinese-buddhism_kuanming,18,1,18
booklets/practical-insight-meditation_mahasi,34,1,34
booklets/practical-pali-grammar_anandajoti,8,1.027777778,8
booklets/ratthapala-sutta_nyanamoli,25,1,25
booklets/real-practice_jayasaro,17,1,17
booklets/refuge_geoff,21,2.1,44
booklets/releasing-life_powell-stephen,13,1,13
booklets/relevance-of-buddhist-philosophy_jayatilleke,7,1,7
booklets/samadhi-is-pure-enjoyment_sucitto,10,1.090909091,11
booklets/satipatthana_gunaratna,56,1,56
booklets/satipatthana-vipassana_mahasi,18,1,18
booklets/seven-factors-of-enlightenment_dhammajiva,21,1,21
booklets/sharing-buddhism-in-the-west_piyananda,2,1,2
booklets/simple-guide-to-life_bogoda-r,19,1.047619048,20
booklets/single-bowl-of-sauce_buddhadasa,14,1,14
booklets/small-boat-great-mountain_amaro,15,1,15
booklets/sn_sujato,32,1.15,37
booklets/sn-anthology_ireland,26,1,26
booklets/sn-anthology_nyanananda,15,1,15
booklets/sn-anthology_walshe,17,1,17
booklets/socially-engaged-buddhism,6,1,6
booklets/spirit-of-chan_sheng-yen,10,1.2,12
booklets/spirit-of-jihi_horide-ichirou,3,1.2,4
booklets/stages-of-the-path_espada,4,1,4
booklets/sutta-nipata-critical-analysis_jayawickrama,22,1,22
booklets/taking-refuge_karthar,7,1,7
booklets/teacher-of-devas_jootla,7,1.666666667,12
booklets/texts-composed-in-china_kieschnick,13,3,39
booklets/the-buddhist-layman,20,1.0625,21
booklets/the-four-noble-truths_sumedho,92,1,92
booklets/thirty-seven-practices-of-a-bodhisattva,6,1,6
booklets/this-is-the-path_dtun-t,29,1,29
booklets/to-see-the-truth_pramote,5,1,5
booklets/towards-a-better-world_nyanananda,3,1,3
booklets/tracing-thought-through-things_stargardt,19,1,19
booklets/transcendantal-arising_bodhi,83,1,83
booklets/tudong_amaro,13,1,13
booklets/understanding-the-chinese-buddhist-temple_negru-john,5,1,5
booklets/unentangled-knowing_kee-nanayon,10,1,10
booklets/vedananupassana_yan,23,1,23
booklets/vedanta-and-buddhism_glasenapp,11,2.285714286,25
booklets/vinaya-notes_brahm,51,1,51
booklets/vipassana-for-beginners_sorado,26,1,26
booklets/visuddhinyanakatha_mahasi,64,1,64
booklets/what-did-the-buddha-teach_yan,22,1,22
booklets/where-are-you-going_succito-scott,18,1,18
booklets/where-is-suan-mokkh_buddhadasa,6,1.125,7
booklets/why-take-refuge_sheng-yen,12,1,12
booklets/wisdom-develops-samadhi_mahabua,64,1.075471698,69
booklets/without-and-within_jayasaro,97,1,97
booklets/women-in-brown_angell-jane,1,1,1
booklets/women-in-early-buddhism_horner,16,1,16
canon/an1.11-20,2,1,2
canon/an1.50-53,1,1,1
canon/an10.104,1,1,1
canon/an10.13,1,1,1
canon/an10.177,2,1,2
canon/an10.54,4,1,4
canon/an10.58,2,1,2
canon/an10.60,3,1,3
canon/an10.61,2,1.833333333,4
canon/an10.81,2,2,4
canon/an10.93,2,1,2
canon/an11.2,3,1.6,5
canon/an2.47,1,1.6,2
canon/an3.130,1,1,1
canon/an3.29,3,1,3
canon/an3.40,5,1,5
canon/an3.42,1,1,1
canon/an3.47,2,1.5,3
canon/an3.63,1,1,1
canon/an3.65,3,1,3
canon/an3.68,1,1,1
canon/an3.72,1,1,1
canon/an3.76,4,1,4
canon/an3.78,6,6,36
canon/an3.80,2,6,12
canon/an3.82,1,1,1
canon/an4.107,2,1,2
canon/an4.113,3,1,3
canon/an4.114,1,1,1
canon/an4.147,2,1,2
canon/an4.170,1,2.25,2
canon/an4.178,1,1,1
canon/an4.184,6,1,6
canon/an4.195,1,1,1
canon/an4.29,2,1,2
canon/an4.36,3,1,3
canon/an4.41,6,1,6
canon/an4.45,7,1,7
canon/an4.61,16,1,16
canon/an4.62,7,1,7
canon/an4.94,2,1,2
canon/an5.161,6,1,6
canon/an5.162,2,1,2
canon/an5.167,1,1,1
canon/an5.172,2,4.2,8
canon/an5.191,1,1,1
canon/an5.214,1,1,1
canon/an5.26,9,1,9
canon/an5.41,1,1,1
canon/an5.47,3,1,3
canon/an5.57,10,2,20
canon/an5.58,2,1,2
canon/an6.12,2,1,2
canon/an6.13,1,1,1
canon/an6.19,2,1,2
canon/an6.20,2,1,2
canon/an6.42,2,1,2
canon/an6.60,1,1,1
canon/an6.61,4,1.333333333,5
canon/an6.85,2,1,2
canon/an6.87,1,1.833333333,2
canon/an7.15,1,1.833333333,2
canon/an7.49,11,1,11
canon/an7.52,4,1,4
canon/an7.6,7,1.5,11
canon/an7.62,1,1,1
canon/an7.67,1,1,1
canon/an7.74,2,1,2
canon/an8.14,5,1.25,6
canon/an8.25,1,1,1
canon/an8.29,2,1,2
canon/an8.30,4,1.142857143,5
canon/an8.5,4,1,4
canon/an8.53,11,6.75,74
canon/an8.6,6,1.75,11
canon/an8.63,5,1,5
canon/an8.64,2,1,2
canon/an8.80,6,1.375,8
canon/an9.19,2,1,2
canon/an9.20,4,1,4
canon/an9.42,2,1,2
canon/analysis-of-the-bhikkhu-patimokkha_suddhaso,36,1,36
canon/bhikkhuni-patimokkha,56,1,56
canon/bodhicaryavatara1_santideva,14,1,14
canon/bodhicaryavatara3_santideva,8,1,8
canon/bodhisattvacaryavatara_santideva,120,1,120
canon/bodhisattvamanyavali_atisha,8,1.5,12
canon/book-of-the-discipline_horner,162,1,162
canon/dedication_longchenpa,2,1,2
canon/dhammapada_gnanananda,9,1,9
canon/dhp1_kmas,8,1,8
canon/dhp1_suddhaso,9,1,9
canon/dhp2_suddhaso,2,1,2
canon/dhp25,2,2.5,5
canon/dhp25.365-369,1,1,1
canon/dhp3_suddhaso,7,1,7
canon/dn11,1,1,1
canon/dn13,10,1,10
canon/dn15+cy_bodhi,81,1,81
canon/dn16,11,1,11
canon/dn2,11,1,11
canon/dn21,5,1,5
canon/dn22,22,1,22
canon/dn23,1,1,1
canon/dn28,3,1,3
canon/dn30,1,3.333333333,3
canon/dn31,8,1,8
canon/dn33,4,1,4
canon/iti111,1,1,1
canon/iti26,1,1,1
canon/iti34,2,1,2
canon/iti53,1,1,1
canon/iti87,2,1,2
canon/iti93,1,3.5,4
canon/iti98,1,1,1
canon/jataka-gatha-vannana,4,1,4
canon/karma-vibhanga,7,1,7
canon/kathavatthu,54,1,54
canon/kd,3,1,3
canon/khp5,11,1.714285714,19
canon/lal26,4,1,4
canon/ma128,14,1,14
canon/ma220,6,2.571428571,15
canon/ma25,24,1,24
canon/ma80,4,1,4
canon/mahayana-essence_bodhidharma,9,1,9
canon/malindapanha_mendis,8,1,8
canon/mn1,6,1,6
canon/mn10,55,1,55
canon/mn103,1,1,1
canon/mn104,4,1,4
canon/mn105,6,1,6
canon/mn106,2,1,2
canon/mn107,6,1,6
canon/mn109,1,1.285714286,1
canon/mn11,8,1.666666667,13
canon/mn113,1,1,1
canon/mn117,7,2.166666667,15
canon/mn118,147,1,147
canon/mn119,52,1,52
canon/mn12,5,5.25,26
canon/mn121,228,1,228
canon/mn123,4,1,4
canon/mn127,4,1,4
canon/mn128,4,1,4
canon/mn13,7,1.666666667,12
canon/mn135,1,3.333333333,3
canon/mn137,3,2.166666667,7
canon/mn14,2,1,2
canon/mn140,18,2,36
canon/mn141,6,5.5,33
canon/mn143,4,1,4
canon/mn143_sdoe,5,1,5
canon/mn146.15,2,1,2
canon/mn148,1,1.444444444,1
canon/mn15,3,1,3
canon/mn152,12,1,12
canon/mn16,8,1,8
canon/mn18,66,1,66
canon/mn19,34,1,34
canon/mn2,16,1,16
canon/mn20,22,1.038461538,23
canon/mn21,13,1,13
canon/mn22,8,1.333333333,11
canon/mn24,3,3,9
canon/mn25,8,1,8
canon/mn26,63,3.074074074,194
canon/mn27,4,1,4
canon/mn28,4,2.5,10
canon/mn29,17,1,17
canon/mn3,3,1.333333333,4
canon/mn32,2,1,2
canon/mn33,4,1,4
canon/mn35,2,1,2
canon/mn38,16,1.5,24
canon/mn39,3,1,3
canon/mn39.12,15,1,15
canon/mn41,15,1,15
canon/mn43,1,2,2
canon/mn44,6,1,6
canon/mn46,5,1,5
canon/mn48,1,1,1
canon/mn49,3,1,3
canon/mn5,3,1,3
canon/mn52,2,1,2
canon/mn53,3,1,3
canon/mn56,8,1,8
canon/mn57,11,1,11
canon/mn57.27,4,1,4
canon/mn58,2,1,2
canon/mn59,2,1,2
canon/mn61,5,1,5
canon/mn63,3,2,6
canon/mn64,4,1,4
canon/mn66,4,1,4
canon/mn67,2,1,2
canon/mn68,1,1,1
canon/mn7,9,1,9
canon/mn71,11,1,11
canon/mn74,2,1,2
canon/mn75,9,1,9
canon/mn76,1,1,1
canon/mn77,4,1,4
canon/mn8,13,1,13
canon/mn8.61,2,1,2
canon/mn81,6,1,6
canon/mn82,5,1,5
canon/mn86,5,1,5
canon/mn87,4,1,4
canon/mn9.17,3,1.857142857,6
canon/mn90,11,1,11
canon/mn95,6,1.555555556,9
canon/mn96,2,1,2
canon/mn98,2,1,2
canon/mv1-4,8,1,8
canon/nidanakatha,143,1,143
canon/nyingpo-dokpa,12,1,12
canon/patisambhidamagga-anapanasatikatha,69,1,69
canon/pli-tv-bu-vb-ss1+cy_bodhi,48,1,48
canon/pli-tv-kd1,11,1,11
canon/pli-tv-kd8.1,14,1,14
canon/pv1.3,1,2.285714286,2
canon/recalling-the-three-jewels,7,1,7
canon/rudras-lament,20,1,20
canon/sa1_analayo,15,1,15
canon/sa10_analayo,10,1,10
canon/sa18,4,1,4
canon/sa2_analayo,7,1,7
canon/sa267,2,1,2
canon/sa3_analayo,6,1,6
canon/sa301,13,1.4,18
canon/sa4_analayo,7,1,7
canon/sa5_analayo,7,1,7
canon/sa6_analayo,11,1,11
canon/sa7_analayo,8,1,8
canon/sa8_analayo,14,1,14
canon/sa9_analayo,12,1,12
canon/sf238,4,1,4
canon/sn1.11,2,1,2
canon/sn1.20,4,1,4
canon/sn1.41,1,1,1
canon/sn1.71,4,1,4
canon/sn11.15,2,1,2
canon/sn12.15,5,1,5
canon/sn12.2,4,1,4
canon/sn12.27,1,1,1
canon/sn12.40,7,1,7
canon/sn12.65,5,1,5
canon/sn12.67,3,1,3
canon/sn17.8,1,1,1
canon/sn2.6,2,1,2
canon/sn20.7,1,1,1
canon/sn22.101,3,2,6
canon/sn22.102,4,1,4
canon/sn22.122,2,1,2
canon/sn22.36,2,1,2
canon/sn22.5,4,1,4
canon/sn22.57,8,1,8
canon/sn22.59,12,2.25,27
canon/sn22.82,2,1,2
canon/sn22.86,14,2.833333333,40
canon/sn22.95,3,1,3
canon/sn22.95_garm,3,1,3
canon/sn23.2,6,1,6
canon/sn3.25,5,1,5
canon/sn3.7,1,1,1
canon/sn35.116,4,1,4
canon/sn35.136,2,1,2
canon/sn35.228,1,1,1
canon/sn35.23,2,1,2
canon/sn35.230,3,1.666666667,5
canon/sn35.238,8,7.75,62
canon/sn35.239,8,1,8
canon/sn35.246,6,1.333333333,8
canon/sn35.247,2,1,2
canon/sn35.28,5,1,5
canon/sn35.82,5,1,5
canon/sn35.85,4,5,20
canon/sn35.93,1,1,1
canon/sn35.95,4,1,4
canon/sn36.11,4,2,8
canon/sn36.19,3,2,6
canon/sn36.21,6,1,6
canon/sn36.23,1,1,1
canon/sn36.31,4,1,4
canon/sn36.6,3,1,3
canon/sn38.1,3,2.25,7
canon/sn41.5,2,1,2
canon/sn41.8,1,1,1
canon/sn42.6,3,6.75,20
canon/sn42.7,1,1,1
canon/sn42.8,6,1,6
canon/sn45.2,2,1.333333333,3
canon/sn45.8,10,7.333333333,73
canon/sn46.24,5,1,5
canon/sn46.54,2,1,2
canon/sn46.55,1,1,1
canon/sn46.6,1,1,1
canon/sn47.13,1,1,1
canon/sn47.19,5,1,5
canon/sn47.20,4,1.333333333,5
canon/sn47.3,7,1.333333333,9
canon/sn47.4,2,1.333333333,3
canon/sn47.6,2,1,2
canon/sn48.10,1,1,1
canon/sn48.40,1,1,1
canon/sn5,6,1,6
canon/sn5.10,2,2.2,4
canon/sn54.13,4,1,4
canon/sn55.24,2,1,2
canon/sn55.54,4,1,4
canon/sn55.7,11,1,11
canon/sn56.10,1,1,1
canon/sn56.11,21,1,21
canon/sn56.21,1,8,8
canon/sn56.48,8,1,8
canon/sn6.9,1,1,1
canon/sn7.2,3,1,3
canon/sn7.6,4,1,4
canon/sn9.14,1,1,1
canon/snp1.2,3,1,3
canon/snp1.8,81,2.456140351,199
canon/snp2.8,1,2.456140351,2
canon/snp3.3,4,1,4
canon/snp3.8,2,1,2
canon/snp4.1,1,2.25,2
canon/snp4.2,7,1,7
canon/snp5.10,3,2,6
canon/snp5.15,1,4.5,5
canon/snp5.19,4,4.5,18
canon/snp5.4,4,2,8
canon/snp5.6,2,2,4
canon/t0779_tnh,81,1,81
canon/t1586,146,1,146
canon/thag12.2,1,1,1
canon/thag16.4,1,1,1
canon/thag18.1,2,1,2
canon/thag6.3,1,2.5,3
canon/thag6.5,1,1,1
canon/thag7.4,2,1,2
canon/thig12.1,3,1,3
canon/thig14.1,4,1,4
canon/thig3.4,1,1,1
canon/thig5.1,1,1,1
canon/thig5.10,2,4,8
canon/thig6.6,1,1.666666667,2
canon/toh211,12,3.428571429,41
canon/toh23-one-syllable,6,1,6
canon/twelve-buddha-acts_nagarjuna,15,1,15
canon/ud1.10_sdoe,1,1,1
canon/ud3.2,1,1,1
canon/ud4.4,1,1,1
canon/ud4.5,2,1,2
canon/ud5.1,2,1.5,3
canon/ud5.7,1,1,1
canon/ud8.3,2,1.333333333,3
canon/vajrapanjara-confession,7,1,7
canon/vsm_buddhaghosa,148,1,148
canon/vv1.12,1,8,8
canon/vv2.8,2,1,2
canon/vv7.10,1,1,1
canon/vv7.9,1,1,1
essays/abhidharma-praise_rongton,5,1,5
essays/addressing-the-american-problem_stein-zac,3,1,3
essays/adornment-of-the-earth_mipham,6,1,6
essays/advice-for-giving-up-meat_dundul,8,1,8
essays/advice-in-a-single-statement_ngawang-palzang,9,1,9
essays/advice-on-the-worldly-concerns_dundul,9,1.666666667,15
essays/advice-to-gok-zangden_gangshar,5,1,5
essays/advice-to-lhawang-tashi_jamgon-kongtrul-lodro-thaye,7,1,7
essays/alagaddupama-sutta-as-scriptural-source_premasiri,3,1,3
essays/all-of-humanitys-problems_johnstone-caitlin,2,1,2
essays/am-i-my-khandas_cintita,7,3,21
essays/amida-buddha_bloom-a,4,1.2,5
essays/anapanasati_pa-auk,28,1,28
essays/ancient-sri-lanka_dhammika,6,1,6
essays/arahants-bodhisattvas-and-buddhas_bodhi,56,1.068965517,60
essays/ashokas-engineers_dhammika,3,1,3
essays/attitudes-towards-nuns-in-myth_sujato,14,1,14
essays/basic-meditation-method_brahm,14,1,14
essays/beauty-of-sila_jayasaro,22,1,22
essays/befriending-the-suttas,46,1,46
essays/bharhut_dhammika,3,1,3
essays/bhikkhuni-order-reestablished_bodhi,18,1.375,25
essays/bhikkhuni-timeline_zlotnick-mccarthy,2,1,2
essays/bodhicaryavatara-overview_zenkar,13,1,13
essays/boundless-consciousness_sunyo,12,1.357142857,16
essays/bringing-sickness-onto-the-path_changchup,4,1,4
essays/buddha-as-a-teacher_dhammika,18,3.466666667,62
essays/buddha-political-events_berzin-alex,21,1,21
essays/buddha-travels_dhammika,15,1,15
essays/buddha-was-bald_mazard,23,1,23
essays/buddha-you-never-knew_dhammika,31,1.695652174,53
essays/buddhas-toothbrush_dhammika,4,1,4
essays/buddhism-and-human-flourishing_harvey,23,1.8,41
essays/buddhism-and-science_brahm,4,1,4
essays/buddhist-peoples-review_dhammika,1,1,1
essays/buddhist-rituals-and-observances_durrant,4,1,4
essays/building-bridges_dhammika,4,1,4
essays/caves-of-the-paccekabuddhas_dhammika,12,1,12
essays/challenge-to-the-sangha_bodhi,5,1,5
essays/chan-practice-and-faith_sheng-yen,12,1,12
essays/climate-change-ethics-and-the-field-of-greed_von-der-heyde-victor,4,1,4
essays/coming-into-our-own_tathaloka,3,1,3
essays/considerations-and-criteria_patrul,4,1,4
essays/cultivate-concentration_mipham,17,1,17
essays/cultural-buddhism_yuttadhammo,2,1.6,3
essays/cushion-or-world_cintita,9,1,9
essays/dalai-lama_dhammika,22,1,22
essays/dependant-liberation_brahmali,15,1.357142857,20
essays/devadatta-was-no-saint_sujato,7,1,7
essays/devavatara_chokyi-lodro,2,1,2
essays/dogens-guidelines_brown-tanahashi,4,1,4
essays/early-buddhism-from-theravada_sujato,131,1,131
essays/economy-of-gifts_geoff,4,1,4
essays/empty-citta_mahabua,13,1.4,18
essays/entering-into-monastic-life_thataloka,21,1,21
essays/euthanasia_dhammika,7,1,7
essays/excellent-intention_jigme-lingpa,5,1,5
essays/exhortation-to-tibet_khenmo-rigdzin-chodron,1,1,1
essays/first-yellow-robes_dhammika,2,1,2
essays/five-precepts_vajirananavarorasa,8,2,16
essays/food-of-awakening_dhammika,13,1,13
essays/for-beginners_mipham,2,1,2
essays/for-nubla-chopel_chokyi-lodro,3,1,3
essays/forty-meditations_andrews-karen,5,1,5
essays/four-point-advice_chokyi-lodro,7,1,7
essays/four-powers-confession_chokyi-gyaltsen,1,1,1
essays/from-the-oral-tradition_nyarong-terton,2,1,2
essays/fundamentals-of-buddhism_panyavaddho,8,1.8,14
essays/gabyo_dogen,4,1,4
essays/gay-tragedy_dhammika,26,1,26
essays/gender-discrimination-pali-canon_analayo,9,1,9
essays/generosity-first_geoff,5,4.25,21
essays/going-forth_viradhammo,6,1,6
essays/great-perfection_chokyi-lodro,4,1,4
essays/hakuin-song-of-zazen,12,1,12
essays/have-you-come-here-to-die_brahm,13,1,13
essays/he-handles-gold-and-silver,1,1,1
essays/heart-sutra-commentary_tan-hsu,12,1,12
essays/heaven-of-solitude_dundul,2,1,2
essays/honen-waka-verse,5,1.5,8
essays/human-life_dhammananda,5,1,5
essays/i-lost-you_kalayanapong-angkarn,4,1,4
essays/if-education-is-not-the-answer_stein-zak,12,1,12
essays/in-this-pure-awareness_shenga-khenpo,4,2.5,10
essays/instructions-for-jhana_brasington,5,1,5
essays/instructions-to-insight-meditation_mahasi,28,2.153846154,60
essays/interview-with-dr-tucker,26,1.363636364,35
essays/iyothee-tass_dhammika,7,1,7
essays/just-be-hungry_jayati,1,1,1
essays/kalmyks_dhammika,2,1,2
essays/kannon_bloom-alfred,1,1,1
essays/karma-vibanga-reliefs-at-borobudur_anandajoti,12,1.1,13
essays/king-of-jewels_mipham,3,1,3
essays/kor-what_chandako,4,1,4
essays/kuge_dogen,2,1,2
essays/linked-discourses-guide_sujato,26,1,26
essays/local-food_debres,6,1,6
essays/locations-for-samadhi_rabjam,3,1,3
essays/long-discourses-guide_sujato,31,1,31
essays/longing-to-ordain_sudhamma,1,1,1
essays/lumbini_dhammika,5,1,5
essays/mahamudra_jamgon-kongtrul,5,1,5
essays/mary-foster_dhammika,8,1,8
essays/meaning-of-numbers_sujato,7,1,7
essays/men-explain-things_solnit-rebecca,3,1,3
essays/middle-discourses-guide_sujato,24,1,24
essays/mindfulness-racial-bias_magee-rhonda,5,1,5
essays/mn2-annotated_suddhaso,10,1,10
essays/monasticism-and-western-adaption_karma-lekshe-tsomo,1,1,1
essays/monet-refuses-the-operation_mueller-lisel,2,1,2
essays/morality_didion,2,1,2
essays/moving-from-dhyana-to-dhyana_patton,3,1,3
essays/mudras_del-prado,4,1,4
essays/mystique-of-abhidhamma_sujato,11,2.285714286,25
essays/naturally-liberating-whatever_gangshat,30,1,30
essays/nazis-loved-yoga_remski,2,1,2
essays/nibbana_bodhi,29,3.444444444,100
essays/numbered-discourses-guide_sujato,24,1,24
essays/offering-flowers_dodrupchen,4,1.666666667,7
essays/old-pillar-new-possibilities_horayangura,2,1,2
essays/on-science-religion-and-culture_yuttadhammo,5,8,40
essays/one-day-vows_lingpa-jigme,5,1,5
essays/out-of-the-ordinary_dhammika,11,1.333333333,15
essays/ownership-and-administration-of-monasteries_brahm,11,1,11
essays/pali-resources_mazard,7,1,7
essays/pastness-of-the-present_taruskin,134,1,134
essays/paticca-samuppada_brahm,65,1,65
essays/patisambidhas_sujato,8,1,8
essays/personal-is-political_hanisch,1,1,1
essays/politics-of-the-buddhas-genitals_sujato,48,1.114285714,53
essays/portrait-of-a-volunteer,1,1,1
essays/power_mclane-m,3,1,3
essays/practical-origination_yuttadhammo,18,2.666666667,48
essays/practice-of-zazen,8,1,8
essays/practice-without-stopping_pieg,1,1,1
essays/practices-of-all-bodhisattvas_zangpo-tokme,5,1,5
essays/practitioner_rabjam-longchen,10,1,10
essays/praise-of-avalokitesvara_laksmi,5,1,5
essays/prinsep-discovers-ashoka_dhammika,1,1,1
essays/profound-samatha-instructions_jamgon-mipam,6,1,6
essays/psychological-aspects-of-meditation_harvey,17,2.25,38
essays/pure-land_bloom,3,1.166666667,4
essays/purity-of-heart_geoff,26,2,52
essays/purpose-of-meditation_mahasi,35,1,35
essays/rampurwa-parinirvana_anand-deepak,7,1,7
essays/readers-guide-pali_sujato,71,1,71
essays/real-science_brahm,19,1.545454545,29
essays/realization_fuang,19,1,19
essays/rebirth-and-the-inbetween_sujato,44,1.363636364,60
essays/refuge-bodhicitta_sakyasribhadra,3,1,3
essays/riverside-talk_tnh,8,1.714285714,14
essays/sangha-property_varado,2,1,2
essays/sankassa_dhammika,20,1,20
essays/sensual-pleasures-are-painful_suchart,32,1.176470588,38
essays/smoking_dhammika,26,1.3,34
essays/social-movement-maintenance_rowe-james,3,1,3
essays/someday-ill-love-ocean_vuong,1,1,1
essays/son_lerner-ben,5,1,5
essays/song-of-the-wildwoods_rabjam,6,1,6
essays/steadfast-gaze-shrine_dhammika,1,1,1
essays/stupas-of-shwedagon_u-win-maung,5,1.888888889,9
essays/temple-life_haseo-tsutomu,1,1,1
essays/ten-unwholesome-actions_suchart,29,1,29
essays/ten-wholesome-actions_suchart,28,1,28
essays/that-the-true-dhamma-might-last_geoff,12,1,12
essays/three-noble-principles_shenga,5,1,5
essays/toilet_dhammika,16,1,16
essays/training-the-mind_thangpa,6,1,6
essays/translating-pali_norman,8,1,8
essays/trekcho_mipham,16,1,16
essays/true-dhamma-has-disappeared_geoff,27,1.75,47
essays/twelve-and-a-half-crippled-verses_zhang,2,1,2
essays/two-zen-dogmas_wrisley-george,3,1,3
essays/unshakable-peace_chah,7,1,7
essays/vipassana_sirimangalo,7,1,7
essays/vomiting-gold_gangshar,38,1,38
essays/war-and-peace_bodhi-geoff,47,1,47
essays/war-bright-and-dark_sujato,16,1,16
essays/what-did-the-buddha-think-of-women_cintita,15,1,15
essays/what-is-the-eye_cintita,4,2,8
essays/what-work-is_levine-philip,1,7.333333333,7
essays/when-does-human-life-begin_brahm,44,1.428571429,63
essays/where-the-nuns_pembroke,2,1,2
essays/why-i-am-a-buddhist-monk_brahmali,22,1,22
essays/working-with-koans_tarrant-john,10,1,10
essays/worldwide-sangha_varado,2,1,2
essays/wrong-livelihood_brahm,21,1,21
essays/youre-not-a-bad-person_kashtan-miki,5,1,5
essays/zen-roshi_lachs-s,5,1,5
excerpts/brahmanacaranas_wijesekera,1,1,1
excerpts/buddhist-thought_williams-paul,2,1,2
excerpts/discoid-weapons_wijesekera,1,1,1
excerpts/early-history-of-chan_hershock-peter,16,1,16
excerpts/evolution-of-the-bodhisattva_analayo,11,1,11
excerpts/experience-and-nature_dewey-john,2,1,2
excerpts/interbeing_edelglass-william,43,1,43
excerpts/introduction_olivelle,1,1,1
excerpts/itbw_general-intro_bodhi,10,6.368421053,64
excerpts/ksatradharma_wijesekera,3,1.333333333,4
excerpts/legitimacy-authenticity-authority_wilber,3,1,3
excerpts/literary-activity-in-pali_jayawickrama,6,1,6
excerpts/pali-endings_kogen-mizuno,10,1.034482759,10
excerpts/prayer-and-worship_malalasekera,17,12.625,215
excerpts/raga_analayo,14,1,14
excerpts/rathavinita_analayo,14,1.714285714,24
excerpts/responses-to-state-control_shi-zhiru,5,1.714285714,9
excerpts/samadhi_analayo,66,1,66
excerpts/samannaphalasutta_analayo,40,1,40
excerpts/samatha-vipassana_analayo,43,1,43
excerpts/sampajanna_analayo,42,1,42
excerpts/sati_analayo,32,1,32
excerpts/seven-cheap-things-introduction_patel-moore,2,1,2
excerpts/shared-characters-in-jain-buddhist-and-hindu-narrative_appleton,2,1,2
excerpts/suicide_analayo,20,1,20
excerpts/sukha_analayo,20,1,20
excerpts/tathagata_analayo,13,1,13
excerpts/tenzo-kyokun_dogen,49,1,49
excerpts/tevijjavacchagottasutta_analayo,4,1,4
excerpts/truth_jayatilleke,2,5,10
excerpts/uttarakuru_analayo,7,1,7
excerpts/vaca_analayo,2,4.272727273,9
excerpts/vihesa_analayo,1,1,1
excerpts/vijjacarana_analayo,7,1,7
excerpts/vipaka_analayo,4,3,12
excerpts/viriya_analayo,10,1,10
excerpts/yona_analayo,5,1,5
excerpts/zengyi-ahan_analayo,9,1,9
excerpts/zhong-ahan_analayo,6,1,6
monographs/all-yesterdays,9,1,9
monographs/along-the-path_goldberg-decary,4,1,4
monographs/an_bodhi,33,1,33
monographs/anguttara-anthology_nyanaponika-bodhi,21,1,21
monographs/architects-of-buddhist-leisure_mcdaniel,6,1,6
monographs/art-of-being-human_wesch-m,12,1,12
monographs/art-of-power_tnh,1,1,1
monographs/arts-of-living-on-a-damaged-planet,4,1,4
monographs/awakening-of-the-heart_tnh,21,1,21
monographs/battling-the-buddha-of-love_falcone-jessica,1,1,1
monographs/behave_sapolsky-robert,3,1,3
monographs/behind-the-beautiful-forevers_boo-katherine,1,1,1
monographs/being-nobody-going-nowhere_khema,108,3.659863946,395
monographs/biography-of-shakyamuni_hsing-yun,53,8.052631579,427
monographs/brief-history-of-time_hawking,1,8.052631579,8
monographs/buddha-in-the-jungle_tiyavanich,5,1,5
monographs/buddha-my-refuge_khantipalo,10,1,10
monographs/buddhadhamma-for-students_buddhadasa,31,1.64,51
monographs/buddhas-daughters_toomey-christine,1,1.64,2
monographs/buddhism-one-teacher-many-traditions_dalai-lama-thunten-chodron,3,1,3
monographs/buddhist-and-vedic-studies_wijesekera,9,1,9
monographs/buddhist-india_rhys-davids,13,1,13
monographs/buddhist-meditation_shaw-sarah,4,1,4
monographs/buddhist-pilgrimage_chan-ks,11,1,11
monographs/buddhist-religion_robinson-et-al,43,2.666666667,115
monographs/buddhist-thought_williams-paul,5,1,5
monographs/bullshit-jobs_graeber-david,4,1,4
monographs/bza_bingenheimer,9,1,9
monographs/citizen_rankine-claudia,2,1,2
monographs/common-buddhist-text,48,2.333333333,112
monographs/composition-and-transmission-of-ebts_allon-mark,8,1,8
monographs/craving-to-liberation_analayo,45,2.117647059,95
monographs/creation-and-completion_kongtrul-thrangu-harding,5,1,5
monographs/culture-and-psychology,33,1,33
monographs/da-research_dhammadinna,9,1,9
monographs/da-studies_analayo,58,1,58
monographs/da1_ichimura-s,19,1,19
monographs/da2_ichimura-s,10,1,10
monographs/da3_ichimura-s,10,1,10
monographs/dawn-of-abhidharma_analayo,42,1,42
monographs/declaration-of-peace,26,1,26
monographs/design-of-everyday-things_norman-don,1,1,1
monographs/dhammapada_buddharakkhita,82,1,82
monographs/dn_walshe,26,1,26
monographs/duty-free-art_steyerl-hito,2,1,2
monographs/ea-cmy_palumbo,11,1,11
monographs/ea-research_dhammadinna,5,1,5
monographs/ea-studies_analayo,19,1,19
monographs/early-buddhist-meditation_arbel-keren,11,1,11
monographs/early-buddhist-theory-of-knowledge_jayatilleke,14,1,14
monographs/early-buddhist-transmission_neelis-jason,2,1,2
monographs/early-india_thapar-romila,4,1,4
monographs/embodying-compassion-in-buddhist-art_lucic-karen,7,1,7
monographs/ends-and-means_huxley-a,21,1,21
monographs/footprints-in-the-snow_shen-yen,14,1,14
monographs/foundation-of-the-nuns_analayo,4,1,4
monographs/genesis-of-bodhisattva_analayo,52,1,52
monographs/getting-the-buddha-mind_sheng-yen,6,1,6
monographs/grasping-to-emptiness_analayo,56,2.25,126
monographs/great-disciples_hecker-nyanaponika,95,1,95
monographs/guns-germs-and-steel_diamond-jared,1,1,1
monographs/hanshan_rouzer-paul,10,1,10
monographs/heart-of-understanding_tnh,15,1,15
monographs/highest-blessings_soni,1,1.142857143,1
monographs/highway-dharma-letters_heng-shure-heng-chau,7,1,7
monographs/history-of-buddhist-philosophy_kalupahana,2,1,2
monographs/how-to-fight_tnh,4,1,4
monographs/impermanence,2,1,2
monographs/in-the-buddhas-words_bodhi,69,1,69
monographs/in-the-hope-of-nibbana_king-winston,20,1,20
monographs/indian-buddhism_warder,6,1,6
monographs/interpersonal-communication,16,1,16
monographs/intro-to-anthropology_openstax,13,1,13
monographs/intro-to-buddhism_harvey,29,1.266666667,37
monographs/intro-to-ethics_harvey,8,1.416666667,11
monographs/island_pasanno-amaro,33,2.034482759,67
monographs/klara-and-the-sun_ishiguro-kazuo,1,1,1
monographs/last-days_vajira-story,44,1,44
monographs/li-bo-unkempt_smith-kidder,3,1,3
monographs/life-of-the-buddha_nyanamoli,123,1.132743363,139
monographs/life-you-can-save_singer-peter,1,1,1
monographs/little-prince_saintexupery,4,1,4
monographs/living-by-vow_okumura,1,1,1
monographs/lotus-transcendent,1,1,1
monographs/ma-research_dhammadinna,4,1,4
monographs/ma-studies_analayo,23,1,23
monographs/ma1_bdk,67,1,67
monographs/ma2_bdk,91,1.956521739,178
monographs/mahayana_williams-paul,2,1,2
monographs/mans-search-for-meaning_frankl-viktor,2,1,2
monographs/meditators-life-of-the-buddha_analayo,2,1,2
monographs/metaphor-and-literalism_hwang-soonil,17,1.5625,27
monographs/middle-land-middle-way_dhammika,47,1,47
monographs/mindfulness-in-plain-english_gunaratana,231,1,231
monographs/miracle-of-mindfulness_tnh,451,1.449374289,654
monographs/mn_nyanamoli-bodhi,32,1,32
monographs/mn-comparison_analayo,82,1.096774194,90
monographs/mn1-cmy_bodhi,19,1,19
monographs/modern-buddhist-masters_kornfield,128,1,128
monographs/museum-of-nonhumanity_gustofsson-haapoja,1,1,1
monographs/my-year-of-dirt-and-water_franz-tracy,1,1,1
monographs/nature-in-ebts_dhammika,7,1.294117647,9
monographs/navel-of-the-earth_dhammika,17,1,17
monographs/new-course-in-reading-pali_gair-karunatillake,369,1.551136364,572
monographs/novice-to-master_morinaga-soko,8,1,8
monographs/orthodox-chinese-buddhism_sheng-yen,3,1,3
monographs/pali-canon-and-literature_webb-nyanatusita,8,1,8
monographs/philological-approach_norman,72,1,72
monographs/piranesi_clarke-susanna,2,1,2
monographs/platform-sutra_hua,8,1,8
monographs/poetry-of-meng-haoran_kroll-paul,5,1,5
monographs/politics-of-tourism-in-asia_richter-linda,1,1,1
monographs/power_han-byung-chul,1,1,1
monographs/principles-of-buddhist-tantra_tsenshap-kirti,3,1,3
monographs/psychology_levy,2,1,2
monographs/road-to-heaven_porter,2,1,2
monographs/sa-research_dhammadinna,10,1,10
monographs/sa-studies_analayo,27,1,27
monographs/saints-and-psychopaths_hamilton,46,1,46
monographs/samsara-nirvana-and-buddha-nature_dalai-lama-thubten-chodron,2,1,2
monographs/sapiens_harari-y,1,1,1
monographs/sects-and-sectarianism_sujato,93,1,93
monographs/sexual-consent_popova,12,1,12
monographs/similes-of-the-buddha_hecker,64,1,64
monographs/sn_bodhi,23,1,23
monographs/socially-engaged-buddhism_king-sallie,5,1,5
monographs/stillness-flowing_jayasaro,40,1,40
monographs/superiority-conceit_analayo,1,1,1
monographs/thinking-fast-and-slow_kahneman-daniel,3,1,3
monographs/timefulness_bjornerud,2,1,2
monographs/traffic-in-heirarchy-keeler-ward,1,1,1
monographs/under-a-white-sky_kolbert-elizabeth,1,1,1
monographs/understanding-and-changing-the-social-world_barkan,3,1,3
monographs/vimuttimagga,35,1,35
monographs/virtual-orientalism_iwamura-jane,3,1,3
monographs/vision-of-buddhism_corless-roger,2,1,2
monographs/walking-in-sunshine_suvira,7,1,7
monographs/walking-the-noble-path_tnh,2,1,2
monographs/what-the-buddha-taught_rahula-w,408,1.11573472,455
monographs/why-fish-dont-exist_miller-lulu,2,1.11573472,2
monographs/within-our-own-hearts_khema,7,1,7
monographs/zen-mind-beginners-mind_suzuki-s,12,1,12
papers/altruism-in-classical-buddhism_lewis-todd,10,1.333333333,13
papers/ananda-as-gay-ancestor_sweet-michael,37,1,37
papers/birch-bark-to-digital-data_introduction_harrison-and-hartmann,5,1,5
papers/brahmanical-terms_norman,12,1,12
papers/buddhism_dhammavamso,4,2.2,9
papers/buddhism-and-secular-subjectivities_mcmahan-david,13,1,13
papers/dynamics-of-insight_analayo,14,1,14
papers/emancipatory-metatheory_stein-zachary,5,1,5
papers/encountering-impermanence-making-change_cassaniti-julia,3,1,3
papers/evolving-portrayals-of-sariputta-and-moggallana_kuan-tsefu,11,1,11
papers/footprints-of-the-buddha_rambelli-fabio,4,1,4
papers/four-noble-truths_norman,60,1,60
papers/local-traditions-world-religions_picard-michel,3,1,3
papers/maritime-route-to-china_willemen-charles,14,1,14
papers/matikas_gethin,59,1,59
papers/mula-and-sarvastavadin_analayo,10,1.4,14
papers/relationship-between-buddhism-and-the-state_kulke-hermann,4,1,4
papers/sanghiti-events-and-ideas_hallisey-charles,1,1,1
papers/satipatthana_analayo,19,1,19
papers/solitary-itinerant-renouncer-in-ancient-indian-poetry_edholm-k,4,1,4
papers/threatening-environments_inzlicht-good,2,1,2
papers/translation-transcription-and-what-else_funayama-toru,2,3.8,8
papers/venerated-objects-early-buddhism_harvey,8,2,16
papers/vinnanancayatana_analayo,13,1,13
papers/what-is-this-religion_dhammananda,4,1,4
papers/what-kamma-is_thittila,2,1,2
papers/whose-zen_sharf-rob,6,1,6
papers/why-meditation_piyananda,6,1,6
papers/why-noble_norman,15,1,15
papers/you-are-responsible_dhammananda,3,1,3
reference/agama-research-group,11,1,11
reference/agama-translations_bingenheimer,12,1,12
reference/an-thematic-guide_bodhi,23,1,23
reference/ati,6,1,6
reference/basic-pali-terms,37,1,37
reference/buddhadust,1,1,1
reference/buddhadust_olds-mike,6,1,6
reference/canon-map,29,1,29
reference/cbmci,26,1,26
reference/chinese-grammar_ctcfl,3,3,9
reference/chineseskill,5,6.333333333,32
reference/citation-helper,5,1,5
reference/comparative-dhp_anandajoti,11,1,11
reference/concise-pali-dictionary,15,1,15
reference/critical-pali-dictionary_pts,1,1,1
reference/daily-sutta,18,1,18
reference/dharmapearls_patton-c,11,1,11
reference/dictionary-of-vinaya-terms_upasak,22,1,22
reference/dpd,16,1,16
reference/dpr,28,1,28
reference/electronic-atlas-of-monasteries_ciolek,5,1,5
reference/gboard-dict,11,1,11
reference/handful-of-leaves_geoff,13,1,13
reference/highlights-from-the-nikayas,50,1,50
reference/illustrated-pali-glossary_varado,7,1,7
reference/index-of-sutta-similes,2,1,2
reference/index-of-sutta-subjects,18,1,18
reference/jataka-stories_appleton,4,1,4
reference/kinh-nhat-tung_phineas-pta,3,1,3
reference/map-of-jambudipa,36,1,36
reference/map-of-the-taisho,16,1,16
reference/mn-pali-name-index,5,4.5,23
reference/one-up-discourses,7,1,7
reference/pali-chart_suddhaso,16,1,16
reference/pali-glossary_bodhi-sujato,18,1,18
reference/pali-linux-keybindings,2,1,2
reference/pali-name-index,4,1,4
reference/pali-names,32,1,32
reference/pali-prounciation_rf,6,1,6
reference/pali-script-converter,451,1,451
reference/pali-thai-english-sanskrit-dictionary,7,1,7
reference/pali-vocab_ccollier,10,1,10
reference/pali-windows-keybindings,20,1,20
reference/ped,41,1,41
reference/photodharma_anandajoti,12,1,12
reference/pleco,9,1.8,16
reference/pressing-out-pure-honey_rogell-sharda,16,1,16
reference/pts-ref-converter,38,1,38
reference/reading-faithfully,24,1,24
reference/sa_yinshun,8,1,8
reference/stages-of-enlightenment,18,2.6,47
reference/sutta-central,78,1,78
reference/sutta-central-voice,2,1,2
reference/sutta-tree_cittadhammo,28,1,28
reference/thai-english-dictionary_payutto,3,1,3
reference/thirty-two-parts-of-the-body,10,1,10
reference/ticivara,4,1,4
reference/tipitaka,3,1,3
reference/trainchinese,4,9.666666667,39
reference/wordle,20,1,20
reference/wordle-pali,3,1,3